{
  "francella": {
    "arcface": {
      "fotos_francella": {
        "foto1": 26.663238239281558,
        "foto2": 25.75067070018693,
        "foto3": 23.226132023972443
      },
      "fotos_marilyn": {
        "foto1": 31.73807058769323,
        "foto2": 32.40831819238548,
        "foto3": 30.73739476420215
      },
      "fotos_taylor": {
        "foto1": 30.24589598938656,
        "foto2": 29.654627733005096,
        "foto3": 31.30578458999999,
        "foto4": 28.930714111476718,
        "foto5": 30.11552018641283
      }
    },
    "deepface": {
      "fotos_francella": {
        "foto1": 1.318650946360099,
        "foto2": 1.1857426702859808,
        "foto3": 1.2191401024435453
      },
      "fotos_marilyn": {
        "foto1": 1.3879259731079574,
        "foto2": 1.3483288522339543,
        "foto3": 1.3329407352439737
      },
      "fotos_taylor": {
        "foto1": 1.2543014372830568,
        "foto2": 1.3298924028710797,
        "foto3": 1.388455987787033,
        "foto4": 1.4007450596401834,
        "foto5": 1.384739589743939
      }
    },
    "facenet": {
      "fotos_francella": {
        "foto1": 1.1175651627623693,
        "foto2": 0.9655771447928317,
        "foto3": 1.08711616963332
      },
      "fotos_marilyn": {
        "foto1": 1.5012576437715557,
        "foto2": 1.5019461335348379,
        "foto3": 1.5508735772884963
      },
      "fotos_taylor": {
        "foto1": 1.3534310549735151,
        "foto2": 1.4694173152269046,
        "foto3": 1.4762482225677729,
        "foto4": 1.63270017033515,
        "foto5": 1.4407035592265793
      }
    }
  },
  "marilyn": {
    "arcface": {
      "fotos_francella": {
        "foto1": 30.197905678002314,
        "foto2": 29.46530634732457,
        "foto3": 28.90685876777594
      },
      "fotos_marilyn": {
        "foto1": 24.31912058418227,
        "foto2": 27.8043481112938,
        "foto3": 25.02151082515329
      },
      "fotos_taylor": {
        "foto1": 25.86320653309644,
        "foto2": 25.631494450322986,
        "foto3": 29.133595611314746,
        "foto4": 26.404877986600606,
        "foto5": 27.419666764754982
      }
    },
    "deepface": {
      "fotos_francella": {
        "foto1": 1.3792800050817111,
        "foto2": 1.3336871680145148,
        "foto3": 1.3622769109003736
      },
      "fotos_marilyn": {
        "foto1": 1.2762126663238305,
        "foto2": 1.1760997448322117,
        "foto3": 1.2470199165087235
      },
      "fotos_taylor": {
        "foto1": 1.0796531032349839,
        "foto2": 1.2456693860558494,
        "foto3": 1.1784213664989651,
        "foto4": 1.252223337543988,
        "foto5": 1.180105685933336
      }
    },
    "facenet": {
      "fotos_francella": {
        "foto1": 1.548971365159584,
        "foto2": 1.479089315030103,
        "foto3": 1.5593937410303074
      },
      "fotos_marilyn": {
        "foto1": 0.9658069268207333,
        "foto2": 1.084790958752568,
        "foto3": 1.0321396218397771
      },
      "fotos_taylor": {
        "foto1": 1.3048413338600875,
        "foto2": 1.3064321874663458,
        "foto3": 1.0915130111225375,
        "foto4": 1.231401712409976,
        "foto5": 1.3026837068523707
      }
    }
  },
  "taylor": {
    "arcface": {
      "fotos_francella": {
        "foto1": 25.910440979310177,
        "foto2": 25.69753566743391,
        "foto3": 25.753140681728265
      },
      "fotos_marilyn": {
        "foto1": 29.126072853669402,
        "foto2": 29.461097848083053,
        "foto3": 26.971973851188853
      },
      "fotos_taylor": {
        "foto1": 20.5715720915111,
        "foto2": 18.969372160780885,
        "foto3": 22.518949086322646,
        "foto4": 21.453559862638404,
        "foto5": 21.45472042415222
      }
    },
    "deepface": {
      "fotos_francella": {
        "foto1": 1.3810642523643388,
        "foto2": 1.3752712170786154,
        "foto3": 1.3842744665622588
      },
      "fotos_marilyn": {
        "foto1": 1.2790817250820103,
        "foto2": 1.2541698162760222,
        "foto3": 1.1579222262997233
      },
      "fotos_taylor": {
        "foto1": 0.6941099151689615,
        "foto2": 1.1744229252470448,
        "foto3": 1.235042635929001,
        "foto4": 1.2955849586677168,
        "foto5": 1.203381593327545
      }
    },
    "facenet": {
      "fotos_francella": {
        "foto1": 1.5731243797091055,
        "foto2": 1.5515564178647618,
        "foto3": 1.5773581726619876
      },
      "fotos_marilyn": {
        "foto1": 1.2428299469782602,
        "foto2": 1.269779750610299,
        "foto3": 1.218557927520336
      },
      "fotos_taylor": {
        "foto1": 1.2954334368085256,
        "foto2": 1.1078150487779412,
        "foto3": 1.1612171707454144,
        "foto4": 1.2604417384791546,
        "foto5": 1.1108554526751089
      }
    }
  }
}